{
    "line_flows": {
        "5_7": 0,
        "6_10": 0,
        "9_11": 0,
        "4_12": 0,
        "18_19": 0,
        "27_30": 0,
        "4_6": 0,
        "1_2": 0,
        "2_5": 0,
        "6_8": 0,
        "6_9": 0,
        "8_28": 0,
        "15_23": 0,
        "19_20": 0,
        "14_15": 0,
        "24_25": 0,
        "29_30": 0,
        "1_3": 0,
        "10_17": 0,
        "6_28": 0,
        "22_24": 0,
        "3_4": 0,
        "9_10": 0,
        "16_17": 0,
        "2_6": 0,
        "23_24": 0,
        "10_20": 0,
        "27_29": 0,
        "10_21": 0,
        "12_15": 0,
        "15_18": 0,
        "28_27": 0,
        "25_26": 0,
        "2_4": 0,
        "10_22": 0,
        "12_14": 0,
        "21_22": 0,
        "12_13": 0,
        "12_16": 0,
        "25_27": 0,
        "6_7": 0
    },
    "convergence": {
        "iterations": 1,
        "final_residual": 0,
        "converged": true
    },
    "data_summary": {
        "nodes": 30,
        "branches": 41,
        "thermal_generators": 6,
        "storage": 4,
        "loads": 20,
        "renewable_generators": 8,
        "hydro_generators": 5
    },
    "system_metrics": {
        "total_generation_capacity_MW": 360,
        "total_load_MW": 189.2
    },
    "status": "converged",
    "case_name": "30bus",
    "timestamp": "2026-01-16 16:06:23",
    "bus_count": 30,
    "costs": {
        "total_cost": 626.1727999999999
    },
    "generator_dispatch": {
        "Gen2": 80,
        "Gen13": 40,
        "Gen23": 0,
        "Gen1": 69.19999999999999,
        "Gen22": 0,
        "Gen27": 0
    }
}