{
    "line_flows": {
        "41_42": 0,
        "27_28": 0,
        "1_2": 0,
        "41_43": 0,
        "10_51": 0,
        "34_35": 0,
        "24_25": 0,
        "39_57": 0,
        "38_49": 0,
        "9_12": 0,
        "56_42": 0,
        "6_7": 0,
        "18_19": 0,
        "5_6": 0,
        "14_46": 0,
        "25_30": 0,
        "4_18": 0,
        "11_13": 0,
        "52_53": 0,
        "10_12": 0,
        "9_10": 0,
        "24_26": 0,
        "34_32": 0,
        "4_5": 0,
        "49_50": 0,
        "53_54": 0,
        "26_27": 0,
        "29_52": 0,
        "40_56": 0,
        "3_15": 0,
        "9_11": 0,
        "22_23": 0,
        "32_33": 0,
        "19_20": 0,
        "12_17": 0,
        "50_51": 0,
        "47_48": 0,
        "21_20": 0,
        "2_3": 0,
        "1_15": 0,
        "3_4": 0,
        "8_9": 0,
        "11_41": 0,
        "11_43": 0,
        "37_39": 0,
        "46_47": 0,
        "30_31": 0,
        "7_8": 0,
        "1_17": 0,
        "1_16": 0,
        "31_32": 0,
        "37_38": 0,
        "21_22": 0,
        "12_13": 0,
        "12_16": 0,
        "15_45": 0,
        "56_41": 0,
        "9_13": 0,
        "38_44": 0,
        "4_6": 0,
        "48_49": 0,
        "6_8": 0,
        "54_55": 0,
        "14_15": 0,
        "9_55": 0,
        "36_40": 0,
        "7_29": 0,
        "13_49": 0,
        "13_15": 0,
        "23_24": 0,
        "36_37": 0,
        "38_48": 0,
        "28_29": 0,
        "44_45": 0,
        "35_36": 0,
        "57_56": 0,
        "22_38": 0,
        "13_14": 0
    },
    "convergence": {
        "iterations": 1,
        "final_residual": 0,
        "converged": true
    },
    "data_summary": {
        "nodes": 57,
        "branches": 80,
        "thermal_generators": 7,
        "storage": 8,
        "loads": 42,
        "renewable_generators": 20,
        "hydro_generators": 15
    },
    "system_metrics": {
        "total_generation_capacity_MW": 2183.6800000000003,
        "total_load_MW": 1250.7999999999997
    },
    "status": "converged",
    "case_name": "57bus",
    "timestamp": "2026-01-16 16:01:01",
    "bus_count": 57,
    "costs": {
        "total_cost": 62002.93983596686
    },
    "generator_dispatch": {
        "ThermalGen_Bus12": 0,
        "ThermalGen_Bus2": 0,
        "ThermalGen_Bus1": 575.88,
        "ThermalGen_Bus3": 140,
        "ThermalGen_Bus8": 534.9199999999997,
        "ThermalGen_Bus6": 0,
        "ThermalGen_Bus9": 0
    }
}